Comment,Likes,Replies
–°–æ–æ–Ω—É–Ω —Ç–∞—Ä—Ç—ã–ª—ã–ø—Ç—ã—Ä. –ë–∞—à–∫–∞ –∫–∞–∞—Ä–º–∞–Ω –¥–∞ –∞—Ç–∞—Å—ã –¥–∞ —Ç–æ–ø –∫–µ–ª–≥–µ–Ω. –û—Å–∫–∞—Ä —Å—ã–π–ª—ã–≥—ã–Ω –∞–ª–∞—Ç.,0,0
–£—Ä–º–∞—Ç—Ç—É—É –º–µ–∫–µ–Ω–¥–µ—à—Ç–µ—Ä!<br>–°–æ–æ–Ω—É–Ω –∫–∏–Ω–æ —ç–∫–µ–Ω!<br>–†–µ–∂–∏—Å—Å–µ—Ä—É –∫–∏–º?,1,0
–ú—ã–Ω–∞ –±–∏—Ä –∞–¥–∞–º–¥–∞–Ω –±–∞—à–∫–∞ –∞–¥–∞–º–≥–∞ –∫–∞–º–µ—Ä–∞–Ω—ã –±—É—Ä—É–ø —Ç–∞—Ä—Ç–∫–∞–Ω –±–∏—Ä–∏–Ω—á–∏ –∫–ª–∞—Å—Ç—ã–Ω –∫–∏–Ω–æ—Å—É –≥–æ,0,0
–ê–≥–∞–π–¥—ã–Ω10—á—É—Å—É —á—ã–∫–ø–∞–π–±—ã,0,0
–ö–∏–Ω–æ–Ω—É –∫–æ—Ä—É–ø —ã–π–ª–∞–ø –∫—ã–π–Ω–∞–ª–¥—ã–º–≥–æü§£ü§£ü§£,0,0
"”®—Ç”© –∫–æ–æ–∑, —Ç–∞—Ä–±—ã—è–ª—É—É –º–∞–∞–Ω–∏–≥–µ —ç—ç  –º—É–≥–∞–ª–∏–º–≥–µ –æ–∫—É—É—á—É–≥–∞ –∞—Ç–∞-—ç–Ω–µ–≥–µ –∂–∞–ª–ø—ã –∞–¥–∞–º –∑–∞—Ç—ã–Ω–∞ –ø–∞–π–¥–∞–ª—É—É –∫–∏–Ω–æ —ç–∫–µ–Ω. –ö–µ–ª–≥–∏–ª–µ –º–∞–º–ª–µ–∫–µ—Ç –∫–æ–ª–¥–æ–±–æ—Å–æ —ç–ª –æ–∑—É–±—É–∑ –∫–æ–ª–¥–æ–ø –∂–µ—Ä –∂–µ—Ä–ª–µ—Ä–¥–µ —á–∞—Å–Ω—ã–π –º–µ–∫—Ç–µ–ø—Ç–µ—Ä–¥–∏ –∞—á–∞–π–ª—ã –∞–≥–∞–π–¥—ã–Ω –º–µ—Ç–æ–¥–∏–∫–∞—Å—ã –º–µ–Ω–µ–Ω. –ê–≥–∞—Ö–∞–Ω –∂.–± –¥–∏–Ω–∏–±–∏–∑–≥–µ  –º–∞–¥–∞–Ω–∏—è—Ç—ã–±—ã–∑–≥–∞ —Ç—É—É—Ä–∞ –∫–µ–ª–±–µ–≥–µ–Ω–¥–µ—Ä–¥–∏–Ω –º–µ–∫—Ç–µ–ø—Ç–µ—Ä–∏–Ω –∫–æ–ª–¥–æ–±–æ–π.–ê–≥–∞–π —ç–≥–µ—Ä –Ω–∏–µ—Ç–∏–Ω–∏–∑ —á—ã–Ω—ã–Ω–¥–∞ –∫–∞–ª—ã—Å –±–æ–ª—Å–æ –∞—Ä—Ç–∫–∞ –∫–∞–π—Ç–±–∞–Ω—ã–∑ —ç–ª –∫–æ–ª–¥–æ–π—Ç —Å–∏–∑–¥–µ–π –∞–∑–∞–º–∞—Ç—Ç–∞—Ä–¥—ã. –§–æ–Ω—Ç –∞—á—ã–Ω—ã–∑ –∞–∫—á–∞ —á–æ–≥—É–ª—Ç–∞–±—ã–∑ .",1,0
–ú–µ–Ω —ã–π–ª–∞–ø –∫–æ—Ä–¥—É–º. –£—à—É–Ω–¥–∞–π —Ç—É—Ä—Ç–∫—É –∑–∞–º–∞–Ω–¥—ã –¥–∞ –æ—Ç–∫–æ—Ä–¥—É–∫.,0,0
"–≠–Ω –º—ã–∫—Ç—ã —Å–µ—Ä–∏–∞–ª –±–æ–ª—É–ø—Ç—É—Ä,–∞—è–±–∞–π —ã–π–ª–∞–¥—ã–º, —É—à—É–Ω–¥–∞–π –º—É–≥–∞–ª–∏–º–¥–µ—Ä–≥–µ —Ç–∞–∞–∑–∏–º.",1,0
–£—à—É–Ω–¥–∞–π –º–∞—Ä—Ç—ã—à–∫–∞ —Å–µ–∫—Ä–µ—Ç–∞—Ä—à–∞–ª–∞—Ä –∫–∞–Ω—á–∞ –∫–∏—à–∏–Ω–∏–Ω –∫–∞–Ω—ã–Ω –∏—á–∏–ø –∫–∞–Ω—á–∞ –∂–µ—Ç–µ–∫—á–∏–Ω–∏ —ç–ª–≥–µ –∂–∞–º–∞–Ω –∫–æ—Ä—Å–æ—Ç—É—à–æ—Ç.,1,0
üò¢,0,0
–ì–∞–ø—ã—Ä –∞–≥–∞–π–≥–∞ —ã—Ä–∞—Ö–º–∞—Ç! üëè,2,0
–ë–æ—Ä–±–æ—Ä–¥—É–∫ –ê–∑–∏—è —É–Ω–∏–≤–µ—Ä—Å–∏—Ç–µ—Ç–∏–Ω–¥–µ –æ–∫—É–≥–∞–Ω –±–æ–ª–±–æ–π—Ç.,0,0
–ê–≥–∞—Ö–∞–Ω –∫–∞—Ä–∂—ã–ª–∞–ø—Ç—ã—Ä –¥–∞.,0,0
"<a href=""https://www.bbc.com/kyrgyz/articles/cy7n53zdwjvo"">https://www.bbc.com/kyrgyz/articles/cy7n53zdwjvo</a> &quot;–ê–≥–∞–π&quot; —Å–µ—Ä–∏–∞–ª—ã —Ç—É—É—Ä–∞–ª—É—É –†—É—Å–ª–∞–Ω –ê–∫—É–Ω–¥—É–Ω –∂–∞“£—ã –º–∞–µ–≥–∏",1,0
üò¢üò¢üò¢–±—É–π—Ä—É—Å–∞ –æ–Ω—É–≥—É—É –∂–æ–ª—É–Ω–∞ —Ç—É—à–∫–æ–Ω—É–±—É–∑ —á—ã–Ω –±–æ–ª—Å—É–Ω –∫–∏–Ω–æ–Ω—É —Ç–∞—Ä—Ç–∫–∞–Ω–¥–∞—Ä–¥—ã–Ω –æ–º—É—Ä—É–Ω–æ –±–µ—Ä–µ–∫–µ –∏—à—Ç–µ—Ä–∏–Ω–µ –∏–π–≥–∏–ª–∏–∫ –±—É–Ω–¥–∞–Ω–¥–∞ –∂–∞–∫—à—ã –∫–∏–Ω–æ–ª–æ—Ä —Ç–∞—Ä—Ç—ã–ª—ã–ø –¥—É–π–Ω–æ –∂—É–∑—É–Ω–æ –∞—Ç–∞–≥—ã–Ω–∞—Ä —á—ã–∫—Å—ã–Ω!,1,0
100—Å–æ–º —ç—Ç–æ –∂–µ –º–∞–ª–æ,0,0
–¢–æ —á—Ç–æ –æ—Å–Ω–æ–≤–∞–Ω–æ –Ω–∞ —Ä–µ–∞–ª—å–Ω—ã—Ö —Å–æ–±—ã—Ç–∏—è—Ö –ø–æ –∏—Å—Ç–∏–Ω–µ –≤–ø–µ—á–∞—Ç–ª—è–µ—Ç! –ê–ø–ª–æ–¥–∏—Ä—É—é —Å—Ç–æ—è –†–µ–∞–ª—å–Ω–æ–º—É –ì–∞–ø—ã—Ä –∞–≥–∞—é –∏ –≤—Å–µ–º –∫—Ç–æ —Å–Ω—è–ª —ç—Ç–æ—Ç —à–µ–¥–µ–≤—Ä!,3,0
–ë—É–ª —Ñ–∏–ª—å–º –∞–±–¥–∞–Ω —Ç–∞–∞—Å–∏—Ä–¥—É—É —ç–∫–µ–Ω –∫–æ—Ä—É–ø  —ã–π–ª–∞–¥—ã–º.–ì–≥–∞–ø—ã—Ä –∞–≥–∞–π–¥—ã–Ω –∫—ã–π—ã–Ω—á—ã–ª—ã–∫ –º–µ–Ω–µ–Ω –∂–µ—Ç–∫–µ–Ω –∏–π–≥–∏–ª–∏–∫—Ç–µ—Ä–∏  –∂–µ–º–∏—à—Ç—É—É –±–æ–ª–≥–æ–Ω—É –∫—É–±–∞–Ω–¥—ã—Ä–¥—ã.,1,0
–ö—ã—Ä–≥—ã–∑–¥–∞ —É—à—É–Ω–¥–∞–π –±–∞–∞—Ç—ã—Ä –∞–¥–∞–º–¥–∞—Ä–¥—ã –±–∞–ø–µ—Å—Ç–µ–ø —Å—ã–π–ª–∞–ø –∫–æ–ª–¥–æ–≥–æ–Ω–¥—É —ç—á —É–π—Ä–æ–Ω–±–æ–¥—É–∫.  –ê–ª–ª–∞–∞—Ö —ã—Ä–∞–∞–∑—ã –±–æ–ª—Å—É–Ω!!! –†—É—Å–ª–∞–Ω –∞–∑–∞–º–∞—Ç!!!,0,0
–ê–≥–∞–π–¥—ã–Ω –±–∞—Å–∫–∞–Ω—ã–Ω–∞–Ω –±–µ—Ä–∏ –æ–∫—à–æ—à—Ç—É—Ä—É–ø—Ç—É—Ä –º–æ–ª–æ–¥–µ—Ü,1,0
